"researcher_id","name","content","type"
"00d79509-2e3a-4ef9-95f6-f9d5c79c34cf","Hugo Saba Pereira Cardoso","Bolsista Produtividade CNPq,  Coordenador da Câmara de Computação na FAPESB, Pós Doutorado em Transição Energetica no Instituto Politecnico de Portalegre - IPP (Portugal) (2024),  Pós Doutorado em Modelagem Computacional no Cimatec (2016), Doutorado em Difusão do Conhecimento na Universidade Federal da Bahia (UFBA)(2013), Mestrado em Modelagem Computacional pela FVC (2005),  Especialização em Computação Científica pela Fundação Visconde de Cairu (FVC) (2003) e Graduação em Processamento de Dados pela Faculdade Rui Barbosa (1995),  Professor Titular na Universidade  do Estado da Bahia (UNEB). Tem experiência na área de Ciência da Computação, atuando em: modelagem computacional, ciência de dados, tecnologias sociais, robótica educacional, gestão de projetos e difusão do conhecimento. No âmbito profissional na pesquisa, tecnologia e extensão  atuou em 30 projetos sendo o coordenador em 21 deles, como resultados, nos últimos 10 anos, foram publicados 87 artigos, 10 livros, 31 capítulos, 45 patentes e registros de software, além de transferências tecnológicas publicas e privadas. Na Pós Graduação atua no Doutorado em Difusão do Conhecimento (DMMDC) e  no Programa de Modelagem Computacional e Tecnologia Industrial(MCTI), tendo 24 orientações de mestrado e doutorado concluídas e 08 orientações em andamento. Líder do Grupo de Pesquisa no CNPq  - NÚCLEO DE PESQUISA APLICADA E INOVAÇÃO (NPAI) - Contato: hugosaba@gmail.com","abstract"
"080a72c5-e955-4f26-af68-aa02ae772411","Eduardo Manuel de Freitas Jorge","Pesquisador e professor titular na Universidade do Estado da Bahia (UNEB), com doutorado em Difusão do Conhecimento e pós-doutorado em Ciência de Dados com Inteligência Artificial, além de mestrado em Ciência da Computação. Minha carreira é marcada por uma atuação multifacetada, incluindo liderança no Grupo de Pesquisa Aplicada e Inovação, coordenação de programas de iniciação científica e gestão de projetos de pesquisa aplicada em parceria com empresas como Samsung, Ford e Embraer, resultando em mais de 20 patentes. Como coordenador da Agência UNEB de Inovação, atuei de forma instrumental na transferência de tecnologia e na reestruturação de políticas institucionais. Minha produção científica abrange 51 artigos, 21 capítulos de livros, 9 livros e 20 patentes, com um índice H de 5, refletindo no impacto técnico e social no campo das Ciências Exatas e da Terra. Reconhecido com bolsas de produtividade em pesquisa do CNPq, com enfoque na integração entre academia, indústria e inovação tecnológica. Na pós-graduação, atuo como professor permanente no curso de doutorado em Difusão do Conhecimento e no mestrado em Estudos Territoriais da UNEB. Como pesquisador, desenvolvo projetos em parceria com a Fiocruz na área de Educação 4.0, por meio da Rede Interdisciplinar de Ciência, Tecnologia e Inovação em Territórios Escolares. Também coordeno o projeto iaEditais da Fiocruz, voltado ao uso de Inteligência Artificial Generativa, e colaboro com a Secretaria de Ciência e Tecnologia da Bahia no desenvolvimento do Sistema de Mapeamento de Competências Científicas da Bahia, que integra o Observatório da SECTI","abstract"
"00d79509-2e3a-4ef9-95f6-f9d5c79c34cf","Hugo Saba Pereira Cardoso","The Viability Of Participatory Design For Visual Identities Creation Of Social Organizations","bibliographic_production"
"080a72c5-e955-4f26-af68-aa02ae772411","Eduardo Manuel de Freitas Jorge","Imagens Sar E O Monitoramento Da Amazônia: Uma Revisão Sistemática","bibliographic_production"
"00d79509-2e3a-4ef9-95f6-f9d5c79c34cf","Hugo Saba Pereira Cardoso","Um Processo De Desenvolvimento De Software Para Projetos Super Ágeis","bibliographic_production"
"080a72c5-e955-4f26-af68-aa02ae772411","Eduardo Manuel de Freitas Jorge","Empreendedorismo E Inovação Em Saúde: Ciência & Mercado","bibliographic_production"
"080a72c5-e955-4f26-af68-aa02ae772411","Eduardo Manuel de Freitas Jorge","Espaços Compartilhados Na Escola Para Aprendizagem De Robótica E  Impressão 3d","bibliographic_production"
"00d79509-2e3a-4ef9-95f6-f9d5c79c34cf","Hugo Saba Pereira Cardoso","Humoral And Cellular Immune Responses In Mice Against Secreted And Somatic Antigens From A Corynebacterium Pseudotuberculosis Attenuated Strain: Immune Response Against A C. Pseudotuberculosis Strain","bibliographic_production"
"080a72c5-e955-4f26-af68-aa02ae772411","Eduardo Manuel de Freitas Jorge","Espaços Compartilhados Na Escola Para Aprendizagem De Robótica E Impressão 3d","bibliographic_production"
"00d79509-2e3a-4ef9-95f6-f9d5c79c34cf","Hugo Saba Pereira Cardoso","Percept: Um Framework Para O Desenvolvimento De Aplicações De Computação Perceptiva","bibliographic_production"
"00d79509-2e3a-4ef9-95f6-f9d5c79c34cf","Hugo Saba Pereira Cardoso","Explorando Dinâmicas Epidêmicas: Estudo De Um Modelo Compartimental E Suas Aplicações","bibliographic_production"
"00d79509-2e3a-4ef9-95f6-f9d5c79c34cf","Hugo Saba Pereira Cardoso","Study Of The Optimal Power Of A Solar Plant Associated With A Wind Project In The Paraíba Region","bibliographic_production"
"00d79509-2e3a-4ef9-95f6-f9d5c79c34cf","Hugo Saba Pereira Cardoso","Practices With Educational Robotics In Professional And Technological Education","bibliographic_production"
"080a72c5-e955-4f26-af68-aa02ae772411","Eduardo Manuel de Freitas Jorge","Modelagem Computacional De Um Protocolo De Rehabilitação De Amputados De Membro Superior Usuários De Prótese 3d","bibliographic_production"
"00d79509-2e3a-4ef9-95f6-f9d5c79c34cf","Hugo Saba Pereira Cardoso","Empreendedorismo Social: O Desafio De Educar Com Responsabilidade Social.","bibliographic_production"
"080a72c5-e955-4f26-af68-aa02ae772411","Eduardo Manuel de Freitas Jorge","E-Flow Project: Integração Da Engenraria De Requisitos De Software Com Bussiness Process Management","bibliographic_production"
"080a72c5-e955-4f26-af68-aa02ae772411","Eduardo Manuel de Freitas Jorge","Comunicando-Se Com O Computador: Lógica De Programação Utilizando A Linguagem C.","bibliographic_production"
"00d79509-2e3a-4ef9-95f6-f9d5c79c34cf","Hugo Saba Pereira Cardoso","Modelo Computacional Para Auxilio No Combate A Epidemias Com Base Em Redes Sociais","bibliographic_production"
"00d79509-2e3a-4ef9-95f6-f9d5c79c34cf","Hugo Saba Pereira Cardoso","Acessibilidade Para A Tv Digital","bibliographic_production"
"080a72c5-e955-4f26-af68-aa02ae772411","Eduardo Manuel de Freitas Jorge","Modelo De Agrupamento De Pesquisadores E Seu Coeficiente De Similaridade: Um Estudo De Caso Com Docentes Das Universidades Estaduais Da Bahia","bibliographic_production"
"080a72c5-e955-4f26-af68-aa02ae772411","Eduardo Manuel de Freitas Jorge","Desenvolvimento De Um Framework Para E-Commerce","bibliographic_production"
"00d79509-2e3a-4ef9-95f6-f9d5c79c34cf","Hugo Saba Pereira Cardoso","Comparative Study On The Use Of A Management Model To Develop Strategies In Public Health Schools In Brazil","bibliographic_production"
"080a72c5-e955-4f26-af68-aa02ae772411","Eduardo Manuel de Freitas Jorge","Gestão&#09;De&#09;Dados&#09;Científicos:&#09;Repositório&#09;Institucional&#09;Para&#09;Acesso&#09;Aberto&#09;A&#09; Trabalhos&#09;Científicos&#09;Completos&#09;Na&#09;Área&#09;De&#09;Educação","bibliographic_production"
"080a72c5-e955-4f26-af68-aa02ae772411","Eduardo Manuel de Freitas Jorge","Uma Visão Histórica-Epistemológica Do Conceito Ontologia: Desvelando A Ontologia Na Filosofia E Na Ciência Da Computação","bibliographic_production"
"00d79509-2e3a-4ef9-95f6-f9d5c79c34cf","Hugo Saba Pereira Cardoso","Juventudes, Formação Política E Fake News: Vida Ou Morte Da Participação Sociopolítica?","bibliographic_production"
"00d79509-2e3a-4ef9-95f6-f9d5c79c34cf","Hugo Saba Pereira Cardoso","Desafios  Da Gestão Do Conhecimento Em Uma Instituição Pública De Ensino","bibliographic_production"
"00d79509-2e3a-4ef9-95f6-f9d5c79c34cf","Hugo Saba Pereira Cardoso","Uma Visão Histórico-Epistemológica Do Conceito Ontologia: Desvelando A Ontologia Na Filosofia E Na Ciência Da Computação","bibliographic_production"
"00d79509-2e3a-4ef9-95f6-f9d5c79c34cf","Hugo Saba Pereira Cardoso","Self-Affinity And Dengue Fever","bibliographic_production"
"00d79509-2e3a-4ef9-95f6-f9d5c79c34cf","Hugo Saba Pereira Cardoso","Pesquisa Aplicada E Inovação Vol 4","bibliographic_production"
"00d79509-2e3a-4ef9-95f6-f9d5c79c34cf","Hugo Saba Pereira Cardoso","Auto-Afinidade Na Série Temporal Da Dengue","bibliographic_production"
"00d79509-2e3a-4ef9-95f6-f9d5c79c34cf","Hugo Saba Pereira Cardoso","Mapeamento Científico E Tecnológico Sobre Impressão 3d","bibliographic_production"
"00d79509-2e3a-4ef9-95f6-f9d5c79c34cf","Hugo Saba Pereira Cardoso","A Importância De Eventos Científicos Para O Ensino E Aprendizagem Da Robótica Educacional Nas Escolas Baianas: Relatos De Experiências Na Educação Básica E Profissional","bibliographic_production"
"00d79509-2e3a-4ef9-95f6-f9d5c79c34cf","Hugo Saba Pereira Cardoso","Gestão Dos Riscos De Desabastecimento De Medicamentos, Antes E Depois Da Covid-19: Um Estudo Bibliométrico","bibliographic_production"
"00d79509-2e3a-4ef9-95f6-f9d5c79c34cf","Hugo Saba Pereira Cardoso","Hybrid Model For Climate Demography (hmcd): A Methodological Proposal At The Local Level","bibliographic_production"
"00d79509-2e3a-4ef9-95f6-f9d5c79c34cf","Hugo Saba Pereira Cardoso","Catálogo De Ações Da Agência Uneb De Inovação Durante O Ano De 2018 Com Base Na Estratégia Nacional De Ct&i Do Brasil 2016-2022","bibliographic_production"
"080a72c5-e955-4f26-af68-aa02ae772411","Eduardo Manuel de Freitas Jorge","Arquitetura Da Informação Analítica Para Integração De Dados Da Pesquisa E Pós-Graduação: Um Estudo De Caso Da Universidade Do Estado Da Bahia","bibliographic_production"
"00d79509-2e3a-4ef9-95f6-f9d5c79c34cf","Hugo Saba Pereira Cardoso","Architectural Design Of Classroom To Stimulate Learning In Higher Education","bibliographic_production"
"080a72c5-e955-4f26-af68-aa02ae772411","Eduardo Manuel de Freitas Jorge","Arquitetura Orientada A Modelos Estendida Para Garantir A Consistência Das Classes De Negócio No Ciclo De Desenvolvimento De Software","bibliographic_production"
"080a72c5-e955-4f26-af68-aa02ae772411","Eduardo Manuel de Freitas Jorge","A Revolução Da Robótica Utilizando Lixo Eletrônico No Ensino Básico: Formação Ampliada E Menor Vulnerabilidade De Jovens À Violência Nas Escolas Públicas","bibliographic_production"
"00d79509-2e3a-4ef9-95f6-f9d5c79c34cf","Hugo Saba Pereira Cardoso","Tecnologia Sar E O Monitoramento Da Amazônia Brasileira: Uma Relação Promissora","bibliographic_production"
"00d79509-2e3a-4ef9-95f6-f9d5c79c34cf","Hugo Saba Pereira Cardoso","Proposta De Um Processo Para A Escolha Da Ferramenta De Gerência De Projetos","bibliographic_production"
"080a72c5-e955-4f26-af68-aa02ae772411","Eduardo Manuel de Freitas Jorge","Ontologiasontologiesontologías","bibliographic_production"
"080a72c5-e955-4f26-af68-aa02ae772411","Eduardo Manuel de Freitas Jorge","O Uso De Ferramentas Analíticas Como Apoio Na Gestão E Na Avaliação Em Ambientes Virtuais De Aprendizagem","bibliographic_production"
"080a72c5-e955-4f26-af68-aa02ae772411","Eduardo Manuel de Freitas Jorge","Cenário Do Grupo De Apoio Às Crianças Com Câncer (gacc-Ba): Proposta De Um Ambiente Virtual Colaborativo Como Instrumento De Interação, Participação E Contribuição Para A Instituição","bibliographic_production"
"00d79509-2e3a-4ef9-95f6-f9d5c79c34cf","Hugo Saba Pereira Cardoso","Ambiente Colaborativo De Ensino A Distância","bibliographic_production"
"00d79509-2e3a-4ef9-95f6-f9d5c79c34cf","Hugo Saba Pereira Cardoso","The Potential Related To Microgeneration Of Renewable Energy In Urban Spaces And Its Impact On Urban Planning","bibliographic_production"
"080a72c5-e955-4f26-af68-aa02ae772411","Eduardo Manuel de Freitas Jorge","Big Data Para Armazenamento E Processamento De Dados Massivos Provenientes Da Internet Industrial","bibliographic_production"
"080a72c5-e955-4f26-af68-aa02ae772411","Eduardo Manuel de Freitas Jorge","Gzipfilter: Um Componente Associado À Arquitetura Web","bibliographic_production"
"00d79509-2e3a-4ef9-95f6-f9d5c79c34cf","Hugo Saba Pereira Cardoso","Impressão 3d: Aplicações E Espaços De Inovação Da Uneb","bibliographic_production"
"00d79509-2e3a-4ef9-95f6-f9d5c79c34cf","Hugo Saba Pereira Cardoso","Additive Manufacturing In Upper Limb Prostheses: A Study Proposal","bibliographic_production"
"080a72c5-e955-4f26-af68-aa02ae772411","Eduardo Manuel de Freitas Jorge","Reagregando O Brincar: Os Encontros De  Brinquedotecas Como Forma De Articular Os Espaços De Brincar Nas Universidades Estaduais Da Bahia","bibliographic_production"
"080a72c5-e955-4f26-af68-aa02ae772411","Eduardo Manuel de Freitas Jorge","Diretrizes Para O Planejamento De Um Ambiente De Aprendizagem Neuroarqeducativo","bibliographic_production"
"080a72c5-e955-4f26-af68-aa02ae772411","Eduardo Manuel de Freitas Jorge","Inteligência Artificial E Virtualização Em Ambientes Virtuais De Ensino E Aprendizagem: Desafios E Perspectivas Tecnológicas","bibliographic_production"
"080a72c5-e955-4f26-af68-aa02ae772411","Eduardo Manuel de Freitas Jorge","Pesquisa Aplicada & Inovação Volume 3","bibliographic_production"
"00d79509-2e3a-4ef9-95f6-f9d5c79c34cf","Hugo Saba Pereira Cardoso","Relevance Of Transportation To Correlations Among Criticality, Physical Means Of Propagation, And Distribution Of Dengue Fever Cases In The State Of Bahia","bibliographic_production"
"080a72c5-e955-4f26-af68-aa02ae772411","Eduardo Manuel de Freitas Jorge","A Proposal For The Integration Of The Energy Matrix From A Graph Theory Perspective","bibliographic_production"
"00d79509-2e3a-4ef9-95f6-f9d5c79c34cf","Hugo Saba Pereira Cardoso","Webtest Uma Ferramenta Distribuída Para Teste, Monitoramento E Analise De Resultados De Aplicações Web","bibliographic_production"
"00d79509-2e3a-4ef9-95f6-f9d5c79c34cf","Hugo Saba Pereira Cardoso","Indicações Geográficas Como Estratégia Para O Desenvolvimento Regional","bibliographic_production"
"00d79509-2e3a-4ef9-95f6-f9d5c79c34cf","Hugo Saba Pereira Cardoso","Criação De Games Para Dispositivos Móveis: O Efeito Motivacional E Transformador No Processo De Aprendizagem","bibliographic_production"
"00d79509-2e3a-4ef9-95f6-f9d5c79c34cf","Hugo Saba Pereira Cardoso","Participação À Luz Do Universo Teórico-Interpretativo De Freire, Gohn E Bordenave","bibliographic_production"
"080a72c5-e955-4f26-af68-aa02ae772411","Eduardo Manuel de Freitas Jorge","Portal De Acesso Às Informações Das Ações Das Universidades Federais Em Resposta À Pandemia De Covid-19: Uma Análise Do Período Pandêmico Até A Transição Para Uma Pós-Pandemia","bibliographic_production"
"00d79509-2e3a-4ef9-95f6-f9d5c79c34cf","Hugo Saba Pereira Cardoso","Preparation Of Hybrid Nanocomposite Particles For Medical Practices","bibliographic_production"
"00d79509-2e3a-4ef9-95f6-f9d5c79c34cf","Hugo Saba Pereira Cardoso","Imagens Sar E O Monitoramento Da Amazônia: Uma Revisão Sistemática","bibliographic_production"
"00d79509-2e3a-4ef9-95f6-f9d5c79c34cf","Hugo Saba Pereira Cardoso","Correlation Between Transport And Occurrence Of  Dengue Cases In Bahia","bibliographic_production"
"00d79509-2e3a-4ef9-95f6-f9d5c79c34cf","Hugo Saba Pereira Cardoso","Perspectivas Da Diversidade E Educação A Partir De Um Revisão Sistêmica","bibliographic_production"
"080a72c5-e955-4f26-af68-aa02ae772411","Eduardo Manuel de Freitas Jorge","Web Semântica: O Futuro Das Aplicações","bibliographic_production"
"00d79509-2e3a-4ef9-95f6-f9d5c79c34cf","Hugo Saba Pereira Cardoso","Indicação De Procedência: Potencial Do Recôncavo Da Bahia No Reconhecimento Da  Produção Artesanal De Licores De Frutas","bibliographic_production"
"00d79509-2e3a-4ef9-95f6-f9d5c79c34cf","Hugo Saba Pereira Cardoso","A Systematic Review Of The Regulation Of Green Hydrogen-Based  Electricity  Generation  In  Brazil","bibliographic_production"
"00d79509-2e3a-4ef9-95f6-f9d5c79c34cf","Hugo Saba Pereira Cardoso","Renewable Sources To Promote Well-Being In Poor Regions Of Brazil","bibliographic_production"
"00d79509-2e3a-4ef9-95f6-f9d5c79c34cf","Hugo Saba Pereira Cardoso","Analysis Of Hydrous Ethanol Price Competitiveness After The Implementation Of The Fossil Fuel Import Price Parity Policy In Brazil","bibliographic_production"
"00d79509-2e3a-4ef9-95f6-f9d5c79c34cf","Hugo Saba Pereira Cardoso","Robótica Educacional: Construção De Uma Dinâmica A Partir Do Robô Ardu Educational Robotics: Building A Dynamic Based On Robot Ardu","bibliographic_production"
"080a72c5-e955-4f26-af68-aa02ae772411","Eduardo Manuel de Freitas Jorge","Perspectiva Teórico Epistemológica Da Modelagem Conceitual Relacionada Com A Análise Cognitiva E Semiótica No Contexto Da Difusão Do Conhecimento Em Ambientes Virtuais De Aprendizagem","bibliographic_production"
"080a72c5-e955-4f26-af68-aa02ae772411","Eduardo Manuel de Freitas Jorge","Revolução Da Impressão 3d Na Educação E Saúde: Reflexos No Ensino De Ciências E No Momento De Pandemia Da Coronavirus Disease 2019 (covid-19)","bibliographic_production"
"00d79509-2e3a-4ef9-95f6-f9d5c79c34cf","Hugo Saba Pereira Cardoso","Impressão 3d: Da Pesquisa Ao Setor Produtivo Um Estudo Exploratório Sobre Sua Evolução Histórica, Origem, Tecnologias, Aplicações E Inovações","bibliographic_production"
"080a72c5-e955-4f26-af68-aa02ae772411","Eduardo Manuel de Freitas Jorge","Agentes Inteligentes Para Ambientes Virtuais De Ensino E Aprendizagem: Uma Revisão Sistemática","bibliographic_production"
"080a72c5-e955-4f26-af68-aa02ae772411","Eduardo Manuel de Freitas Jorge","Webteste: A Stress Test Tool","bibliographic_production"
"080a72c5-e955-4f26-af68-aa02ae772411","Eduardo Manuel de Freitas Jorge","Robótica Educacional:  Revisão Sistemática E Aplicação  Na Semana Nacional De Ciência  E Tecnologia De 2018","bibliographic_production"
"00d79509-2e3a-4ef9-95f6-f9d5c79c34cf","Hugo Saba Pereira Cardoso","Redesign Da Marca Da Associação Artístico-Cultural Odeart: Construção Participativa E Estudo Cultural Do Cabula","bibliographic_production"
"00d79509-2e3a-4ef9-95f6-f9d5c79c34cf","Hugo Saba Pereira Cardoso","Pesquisa Aplicada E Inovação - Volume 02","bibliographic_production"
"080a72c5-e955-4f26-af68-aa02ae772411","Eduardo Manuel de Freitas Jorge","Metadata For An Extensible Data Warehouse Server","bibliographic_production"
"00d79509-2e3a-4ef9-95f6-f9d5c79c34cf","Hugo Saba Pereira Cardoso","Desenvolvimento De Instrumento De Pesquisa Para Identificação De Modelos De Elaboração Da Estratégia Em Burocracias Profissionais: Validação De Conteúdo","bibliographic_production"
"080a72c5-e955-4f26-af68-aa02ae772411","Eduardo Manuel de Freitas Jorge","Roposta De (re)design Do Ambiente Educativo Formal Universitário Para Estimular Uma Aprendizagem Protagonista, Criativa E Inovadora","bibliographic_production"
"00d79509-2e3a-4ef9-95f6-f9d5c79c34cf","Hugo Saba Pereira Cardoso","Multicriteria Model: Assisting In Choosing Sustainable Vehicles","bibliographic_production"
"080a72c5-e955-4f26-af68-aa02ae772411","Eduardo Manuel de Freitas Jorge","Gerenciamento De Projeto Otimista (gpo): Um Método Que Integra Pert/cpm À Ccpm","bibliographic_production"
"080a72c5-e955-4f26-af68-aa02ae772411","Eduardo Manuel de Freitas Jorge","Protótipo De Aplicativo Móvel: Proposta Para Apoio Ao Turismo Acessível No Pelourinho Em Salvador (ba) No Contexto Da Pessoa Idosa","bibliographic_production"
"080a72c5-e955-4f26-af68-aa02ae772411","Eduardo Manuel de Freitas Jorge","Percept: Um Framework Para O Desenvolvimento De Aplicações De Computação Perceptiva","bibliographic_production"
"080a72c5-e955-4f26-af68-aa02ae772411","Eduardo Manuel de Freitas Jorge","A Mobile, Lightweight, Poll-Based Food Identification System","bibliographic_production"
"00d79509-2e3a-4ef9-95f6-f9d5c79c34cf","Hugo Saba Pereira Cardoso","A Relação Semântica Que Permeia Estudos Sobre A Universidade E O Empreendedorismo Para A Inovação","bibliographic_production"
"00d79509-2e3a-4ef9-95f6-f9d5c79c34cf","Hugo Saba Pereira Cardoso","Integrando As Disciplinas De Engenharia De Software, Análise E Projeto De Sistemas E Banco De Dados Utilizando Pbl. In: Simpósio Da Sociedade Brasileira De Computação, 2007. Xv Workshop Sobre Educação Em Computação. P. 66-75.","bibliographic_production"
"00d79509-2e3a-4ef9-95f6-f9d5c79c34cf","Hugo Saba Pereira Cardoso","Lean Manufacturing To Improve Management And Results In Metrological Testing Laboratories - A Case Study","bibliographic_production"
"00d79509-2e3a-4ef9-95f6-f9d5c79c34cf","Hugo Saba Pereira Cardoso","Impacto Da Cultura Organizacional Na Implementação De Tecnologias Disruptivas Da Indústria 4.0: Uma Revisão De Literatura","bibliographic_production"
"080a72c5-e955-4f26-af68-aa02ae772411","Eduardo Manuel de Freitas Jorge","The Potential Related To Microgeneration Of Renewable Energy In Urban Spaces And Its Impact On Urban Planning","bibliographic_production"
"080a72c5-e955-4f26-af68-aa02ae772411","Eduardo Manuel de Freitas Jorge","Modelo De Programação Baseado Em Exemplos","bibliographic_production"
"080a72c5-e955-4f26-af68-aa02ae772411","Eduardo Manuel de Freitas Jorge","Proposta De (re)design Do Ambiente Educativo Formal Universitário Para Estimular Uma Aprendizagem Protagonista, Criativa E Inovadora","bibliographic_production"
"00d79509-2e3a-4ef9-95f6-f9d5c79c34cf","Hugo Saba Pereira Cardoso","A Discussion About Intermittency, Renewable Sources And Strategies For To Guarantee The Supply Of Electricity","bibliographic_production"
"080a72c5-e955-4f26-af68-aa02ae772411","Eduardo Manuel de Freitas Jorge","Íkaros Webhouse: Módulo Para Captura E Tratamento De Clickstream Em Servidores Web J2ee","bibliographic_production"
"00d79509-2e3a-4ef9-95f6-f9d5c79c34cf","Hugo Saba Pereira Cardoso","Aprendizagem Organizacional: Sinergia Interdisciplinar Nos Saberes","bibliographic_production"
"00d79509-2e3a-4ef9-95f6-f9d5c79c34cf","Hugo Saba Pereira Cardoso","Network Analysis Of Spreading Of Dengue, Zika And Chikungunya In The State Of Bahia Based On Notified, Confirmed And Discarded Cases","bibliographic_production"
"00d79509-2e3a-4ef9-95f6-f9d5c79c34cf","Hugo Saba Pereira Cardoso","Scenarios And Opportunities In The Sugar And Ethanol Industry - Challenges And Opportunities Towards A Low Carbon Economy In Brazil","bibliographic_production"
"00d79509-2e3a-4ef9-95f6-f9d5c79c34cf","Hugo Saba Pereira Cardoso","Comparison Of Multilayer Perceptron Neural Network Architecture In Photovoltaic Plants Fault Classification","bibliographic_production"
"00d79509-2e3a-4ef9-95f6-f9d5c79c34cf","Hugo Saba Pereira Cardoso","O Uso De Ferramentas Analíticas Como Apoio Na Gestão E Na Avaliação Em Ambientes Virtuais De Aprendizagem","bibliographic_production"
"080a72c5-e955-4f26-af68-aa02ae772411","Eduardo Manuel de Freitas Jorge","Um Processo De Desenvolvimento De Software Para Projetos Super Ágeis","bibliographic_production"
"00d79509-2e3a-4ef9-95f6-f9d5c79c34cf","Hugo Saba Pereira Cardoso","Construção Do Saber Jurídico E O Desafio Trazido Pelas Novas Tecnologias: Reflexões Sobre A Insuficiência Do Paradigma Atual","bibliographic_production"
"080a72c5-e955-4f26-af68-aa02ae772411","Eduardo Manuel de Freitas Jorge","Segurança Em Aplicações Corporativas","bibliographic_production"
"00d79509-2e3a-4ef9-95f6-f9d5c79c34cf","Hugo Saba Pereira Cardoso","Centroid Model Applied For Energy Scenarios In Regions With Limited Resources","bibliographic_production"
"00d79509-2e3a-4ef9-95f6-f9d5c79c34cf","Hugo Saba Pereira Cardoso","Inovação E Empreendedorismo Como Caminhos Para Novos Modelos De Ensino/aprendizagem","bibliographic_production"
"00d79509-2e3a-4ef9-95f6-f9d5c79c34cf","Hugo Saba Pereira Cardoso","Difusão Da Zika - Os Caminhos Para A Construção Do Conhecimento","bibliographic_production"
"00d79509-2e3a-4ef9-95f6-f9d5c79c34cf","Hugo Saba Pereira Cardoso","Correlation Between Hospitalized Patients? Demographics, Symptoms, Comorbidities, And Covid-19 Pandemic In Bahia, Brazil","bibliographic_production"
"080a72c5-e955-4f26-af68-aa02ae772411","Eduardo Manuel de Freitas Jorge","Relevance Of Transportation To Correlations Among Criticality, Physical Means Of Propagation, And Distribution Of Dengue Fever Cases In The State Of Bahia","bibliographic_production"
"080a72c5-e955-4f26-af68-aa02ae772411","Eduardo Manuel de Freitas Jorge","Aplicativo Caderno Científico Gestão, Armazenamento E Colaboração Dos Dados De Pesquisas Na Saúde.","bibliographic_production"
"080a72c5-e955-4f26-af68-aa02ae772411","Eduardo Manuel de Freitas Jorge","A Inserção Da Robótica Educacional Nas Escolas Públicas Baianas: Uma Prática Pedagógica Inovadora Possível?","bibliographic_production"
"00d79509-2e3a-4ef9-95f6-f9d5c79c34cf","Hugo Saba Pereira Cardoso","Biossegurança Em Oncologia E O Profissional Farmacêutico: Análise De Prescrição E Manipulação De Medicamentos Antineoplásicos","bibliographic_production"
"00d79509-2e3a-4ef9-95f6-f9d5c79c34cf","Hugo Saba Pereira Cardoso","Systemic Arterial Hypertension: Treatment With Integrative And Complementary Health Practices","bibliographic_production"
"00d79509-2e3a-4ef9-95f6-f9d5c79c34cf","Hugo Saba Pereira Cardoso","A Inserção Da Robótica Educacional Nas Escolas Públicas   Baianas: Uma Prática Pedagógica Inovadora Possível?","bibliographic_production"
"00d79509-2e3a-4ef9-95f6-f9d5c79c34cf","Hugo Saba Pereira Cardoso","A Proposal For The Integration Of The Energy Matrix From A Graph Theory Perspective","bibliographic_production"
"080a72c5-e955-4f26-af68-aa02ae772411","Eduardo Manuel de Freitas Jorge","Redes Complexas De Homônimos Para Análise Semântica Textual","bibliographic_production"
"080a72c5-e955-4f26-af68-aa02ae772411","Eduardo Manuel de Freitas Jorge","Saúde Pública: Prospecção Tecnológica Dos Registros De Softwares Para O Combate A Dengue","bibliographic_production"
"080a72c5-e955-4f26-af68-aa02ae772411","Eduardo Manuel de Freitas Jorge","A Framework For Context-Aware Systems In Mobile Devices","bibliographic_production"
"00d79509-2e3a-4ef9-95f6-f9d5c79c34cf","Hugo Saba Pereira Cardoso","Face Shield For Life 3d Produção Colaborativa Usando A Comunidade De Makers Dos Protetores Faciais Padrão Rc3 Para Os Profissionais De Saúde Em Salvador","bibliographic_production"
"080a72c5-e955-4f26-af68-aa02ae772411","Eduardo Manuel de Freitas Jorge","Modelo 3d De Protetores Faciais Para Os Profissionais Da Saúde E Da Educação No Enfrentamento E Proteção Das Atividades Escolares Durante A Pandemia Do Covid-19","bibliographic_production"
"00d79509-2e3a-4ef9-95f6-f9d5c79c34cf","Hugo Saba Pereira Cardoso","Scaling Effect In Covid-19 Spreading: The Role Of Heterogeneity In A Hybrid Ode-Network Model With Restrictions On The Inter-Cities Flow","bibliographic_production"
"080a72c5-e955-4f26-af68-aa02ae772411","Eduardo Manuel de Freitas Jorge","Pesquisa Aplicada & Inovação","bibliographic_production"
"080a72c5-e955-4f26-af68-aa02ae772411","Eduardo Manuel de Freitas Jorge","Aplicação De Conceitos E Critérios De Desempenho Para Uma Sala De Aula Inovadora","bibliographic_production"
"080a72c5-e955-4f26-af68-aa02ae772411","Eduardo Manuel de Freitas Jorge","Análise, Projeto E Implementação De Um Servidor Dw Extensível","bibliographic_production"
"080a72c5-e955-4f26-af68-aa02ae772411","Eduardo Manuel de Freitas Jorge","Impressão 3d: Da Pesquisa Ao Setor Produtivo Um Estudo Exploratório Sobre Sua Evolução Histórica, Origem, Tecnologias, Aplicações E Inovações","bibliographic_production"
"080a72c5-e955-4f26-af68-aa02ae772411","Eduardo Manuel de Freitas Jorge","Solução Para Mapeamento E Consulta Das Competências Dos Pesquisadores: Uma Arquitetura Para Extração, Integração E Consultas De Informações Acadêmicas","bibliographic_production"
"080a72c5-e955-4f26-af68-aa02ae772411","Eduardo Manuel de Freitas Jorge","Criação De Games Para Dispositivos Móveis: O Efeito Motivacional E Transformador No Processo De Aprendizagem","bibliographic_production"
"080a72c5-e955-4f26-af68-aa02ae772411","Eduardo Manuel de Freitas Jorge","Programa De Ações Para Núcleo De Inovação Tecnológica: Um Estudo De Caso Da Agência De Inovação Uneb","bibliographic_production"
"080a72c5-e955-4f26-af68-aa02ae772411","Eduardo Manuel de Freitas Jorge","Webteste - Uma Ferramenta Distribuída  Para Teste De Estresse Em Aplicações Web","bibliographic_production"
"00d79509-2e3a-4ef9-95f6-f9d5c79c34cf","Hugo Saba Pereira Cardoso","A Espiritualidade/religiosidade Na Formação Do Pedagogo/ Professor Pesquisado (r) Implicado: Reflexões Autoetnográficas","bibliographic_production"
"00d79509-2e3a-4ef9-95f6-f9d5c79c34cf","Hugo Saba Pereira Cardoso","A Telessaúde Como Uma Ferramenta No Cuidado De Usuários Com Covid-19 Por Meio Das Práticas Integrativas E Complementares","bibliographic_production"
"00d79509-2e3a-4ef9-95f6-f9d5c79c34cf","Hugo Saba Pereira Cardoso","Sincronização Por Motifs: Um Novo Método Para Análise De Redes Dinâmicas.","bibliographic_production"
"080a72c5-e955-4f26-af68-aa02ae772411","Eduardo Manuel de Freitas Jorge","Mofi: Um Modelo Para Recuperação De Informação Baseado Em Ontologias, Folksonomia E Indexação Automática De Conteúdo","bibliographic_production"
"00d79509-2e3a-4ef9-95f6-f9d5c79c34cf","Hugo Saba Pereira Cardoso","Spatio-Temporal Correlation Networks Of Dengue In The State Of Bahia","bibliographic_production"
"080a72c5-e955-4f26-af68-aa02ae772411","Eduardo Manuel de Freitas Jorge","Analysis Of Hydrous Ethanol Price Competitiveness After The Implementation Of The Fossil Fuel Import Price Parity Policy In Brazil","bibliographic_production"
"00d79509-2e3a-4ef9-95f6-f9d5c79c34cf","Hugo Saba Pereira Cardoso","Metarede: Cidadania, Reciclagem E Inclusão Sócio Digital","bibliographic_production"
"00d79509-2e3a-4ef9-95f6-f9d5c79c34cf","Hugo Saba Pereira Cardoso","The Use Of Ict Tools To Mitigate Failures And Inconsistencies In Public Procurement Notices.","bibliographic_production"
"00d79509-2e3a-4ef9-95f6-f9d5c79c34cf","Hugo Saba Pereira Cardoso","Nonlocal Dispersal Of Dengue In The State Of Bahia","bibliographic_production"
"00d79509-2e3a-4ef9-95f6-f9d5c79c34cf","Hugo Saba Pereira Cardoso","Self-Affinity And Self-Organized Criticality Applied To The Relationship Between The Economic Arrangements And The Dengue Fever Spread In Bahia","bibliographic_production"
"00d79509-2e3a-4ef9-95f6-f9d5c79c34cf","Hugo Saba Pereira Cardoso","O Uso Role Playing Game (rpg) Para O Letramento Bilíngue Dos Surdos: Uma Revisão Sistemática","bibliographic_production"
"00d79509-2e3a-4ef9-95f6-f9d5c79c34cf","Hugo Saba Pereira Cardoso","Aplicando Project-Based Learning No Estudo Integrado De Engenharia De Software, Análise E Projeto De Sistemas E Banco De Dados.","bibliographic_production"
"00d79509-2e3a-4ef9-95f6-f9d5c79c34cf","Hugo Saba Pereira Cardoso","Community Detection In Spatial Networks - A Systematic Literature Overview","bibliographic_production"
"080a72c5-e955-4f26-af68-aa02ae772411","Eduardo Manuel de Freitas Jorge","Aspectos Cognitivos De Aprendizagem Motivados Por Jogos Educativos Digitais","bibliographic_production"
"00d79509-2e3a-4ef9-95f6-f9d5c79c34cf","Hugo Saba Pereira Cardoso","Cenário Do Grupo De Apoio Às Crianças Com Câncer (gaccba): Proposta De Um Ambiente Virtual Colaborativo Como Instrumento De Interação, Participação E Contribuição Para A Instituição","bibliographic_production"
"00d79509-2e3a-4ef9-95f6-f9d5c79c34cf","Hugo Saba Pereira Cardoso","Modelagem Das Áreas De Processo Do Cmmi Usando Business Process Management E Software Process Engineering Metamodel Specification.","bibliographic_production"
"080a72c5-e955-4f26-af68-aa02ae772411","Eduardo Manuel de Freitas Jorge","Difusão E Utilização De Informações Acadêmicas: Um Modelo De Gestão Do Conhecimento Para Subsidiar Gestores Universitários","bibliographic_production"
"080a72c5-e955-4f26-af68-aa02ae772411","Eduardo Manuel de Freitas Jorge","E-Flow Project: Ambiente Web Colaborativo Para Engenharia De Requisitos De Software","bibliographic_production"
"080a72c5-e955-4f26-af68-aa02ae772411","Eduardo Manuel de Freitas Jorge","Aplicações Multimídia Em Java","bibliographic_production"
"00d79509-2e3a-4ef9-95f6-f9d5c79c34cf","Hugo Saba Pereira Cardoso","Diretrizes Para O Planejamento De Um Ambiente De Aprendizagem Neuroarqeducativo","bibliographic_production"
"00d79509-2e3a-4ef9-95f6-f9d5c79c34cf","Hugo Saba Pereira Cardoso","Os Jovens Podem Participar? Considerações Acerca Da Participação E Formação Políticas Juvenis","bibliographic_production"
"00d79509-2e3a-4ef9-95f6-f9d5c79c34cf","Hugo Saba Pereira Cardoso","Renewable Energy Production: A Clustering Approach For Distributed Microgeneration","bibliographic_production"
"00d79509-2e3a-4ef9-95f6-f9d5c79c34cf","Hugo Saba Pereira Cardoso","Multicriteria Modeling In The Decision-Making Process Of Credit Lines At Banco Do Brasil","bibliographic_production"
"080a72c5-e955-4f26-af68-aa02ae772411","Eduardo Manuel de Freitas Jorge","Produção Emergencial De Face Shields Utilizando  Impressão Tridimensional (3d) No Combate À Covid-19:  Influência Dos Processos De Aprendizagem Na Formação  Integrativa Dos Makers","bibliographic_production"
"080a72c5-e955-4f26-af68-aa02ae772411","Eduardo Manuel de Freitas Jorge","A Teoria Fundamentada Em Dados Aplicada Ao Campo Da Educação Superior","bibliographic_production"
"00d79509-2e3a-4ef9-95f6-f9d5c79c34cf","Hugo Saba Pereira Cardoso","Estrutura Organizacional Híbrida Para Fábrica De Software","bibliographic_production"
"00d79509-2e3a-4ef9-95f6-f9d5c79c34cf","Hugo Saba Pereira Cardoso","Saúde Pública: Prospecção Tecnológica Dos Registros De Softwares Para O Combate A Dengue","bibliographic_production"
"00d79509-2e3a-4ef9-95f6-f9d5c79c34cf","Hugo Saba Pereira Cardoso","Dinâmica De Ensino Baseada Em Fabricação Digital E Pbl Para Apoiar Os Professores De Psicologia Na Apresentação Do Teste De Pirâmide Colorida Pfister / Teaching Dynamics Based On Digital Fabrication And Pbl To Support Psychology Teachers In Presenting The Pfister Color Pyramid Test","bibliographic_production"
"00d79509-2e3a-4ef9-95f6-f9d5c79c34cf","Hugo Saba Pereira Cardoso","Robótica Educacional: Revisão Sistemática E Aplicação Na Semana Nacional De Ciência De Tecnologia De 2018","bibliographic_production"
"080a72c5-e955-4f26-af68-aa02ae772411","Eduardo Manuel de Freitas Jorge","Redesign Da Marca Da Associação Artístico-Cultural Odeart: Construção Participativa E Estudo Cultural Do Cabula","bibliographic_production"
"080a72c5-e955-4f26-af68-aa02ae772411","Eduardo Manuel de Freitas Jorge","Correlation Between Transport And Occurrence Of Dengue Cases In Bahia","bibliographic_production"
"00d79509-2e3a-4ef9-95f6-f9d5c79c34cf","Hugo Saba Pereira Cardoso","Desenvolvimento Sustentável: Uma Proposta Para Descarbonização De Frotas De Veículos","bibliographic_production"
"080a72c5-e955-4f26-af68-aa02ae772411","Eduardo Manuel de Freitas Jorge","Ontology Tagging ? Um Componente Para Classificação De Conteúdo Baseado Em Ontologia","bibliographic_production"
"080a72c5-e955-4f26-af68-aa02ae772411","Eduardo Manuel de Freitas Jorge","Pesquisa Aplicada E Inovação","bibliographic_production"
"00d79509-2e3a-4ef9-95f6-f9d5c79c34cf","Hugo Saba Pereira Cardoso","Forecasting Solar Radiation In Brazilian Cities Using A Unified Multilayer Perceptron Model","bibliographic_production"
"00d79509-2e3a-4ef9-95f6-f9d5c79c34cf","Hugo Saba Pereira Cardoso","Htlv-1 And Pregnancy: A Retrospective Study Of Maternal And Neonatal Health Outcomes In An Endemic Region Of Brazil","bibliographic_production"
"00d79509-2e3a-4ef9-95f6-f9d5c79c34cf","Hugo Saba Pereira Cardoso","Avaliação Do Componente Curricular Interdisciplinar De Engenharia De Software","bibliographic_production"
"080a72c5-e955-4f26-af68-aa02ae772411","Eduardo Manuel de Freitas Jorge","Programa De Ideias Inovadoras Do Ifba: Proposição De Melhorias Baseada Em Critérios De Avaliação","bibliographic_production"
"00d79509-2e3a-4ef9-95f6-f9d5c79c34cf","Hugo Saba Pereira Cardoso","Ensino Da Robótica Livre Como Instrumento De Aprendizado Interdisciplinar Na Rede Pública De Educação Profissional E Tecnológica.","bibliographic_production"
"00d79509-2e3a-4ef9-95f6-f9d5c79c34cf","Hugo Saba Pereira Cardoso","Webteste: A Stress Test Tool","bibliographic_production"
"00d79509-2e3a-4ef9-95f6-f9d5c79c34cf","Hugo Saba Pereira Cardoso","Biblioteca Digital De Objetos De Aprendizagem Scorm Aplicada À Educação A Distância.","bibliographic_production"
"080a72c5-e955-4f26-af68-aa02ae772411","Eduardo Manuel de Freitas Jorge","Ecom - Computational Model For The Automatic Selection Of Candidate Terms From Text Mining To Assist Ontology Building","bibliographic_production"
"00d79509-2e3a-4ef9-95f6-f9d5c79c34cf","Hugo Saba Pereira Cardoso","Correlation Between Transport And Occurrence Of Dengue Cases In Bahia","bibliographic_production"
"080a72c5-e955-4f26-af68-aa02ae772411","Eduardo Manuel de Freitas Jorge","Robótica Educacional: Construção De Uma Dinâmica A Partir Do Robô Ardu","bibliographic_production"
"00d79509-2e3a-4ef9-95f6-f9d5c79c34cf","Hugo Saba Pereira Cardoso","Ativismo Digital E Participação Política: A Juventude Em Cena","bibliographic_production"
"080a72c5-e955-4f26-af68-aa02ae772411","Eduardo Manuel de Freitas Jorge","Face Shield For Life 3d: Produção Colaborativa, Usando A Comunidade De Makers, Dos Protetores Faciais Padrão Rc3 Para Os Profissionais De Saúde Em Salvador","bibliographic_production"
"080a72c5-e955-4f26-af68-aa02ae772411","Eduardo Manuel de Freitas Jorge","Inovação E Empreendedorismo Como Caminhos Para Novos Modelos De Ensino/aprendizagem","bibliographic_production"
"080a72c5-e955-4f26-af68-aa02ae772411","Eduardo Manuel de Freitas Jorge","Inteligência Artificial Em Ambientes Virtuais De Ensino E Aprendizagem: Uma Proposta De Modelo","bibliographic_production"
"080a72c5-e955-4f26-af68-aa02ae772411","Eduardo Manuel de Freitas Jorge","Hermes: Um Framework Orientado A Objetos Para Aplicações De Videoconferência Ponto-A-Ponto","bibliographic_production"
"080a72c5-e955-4f26-af68-aa02ae772411","Eduardo Manuel de Freitas Jorge","Iapós: Plataforma Para Apoiar Gestores E A Comunidade Acadêmica Na Análise De Informações Sobre A Produção Científica De Pesquisadores Da Universidade Senai Cimatec","bibliographic_production"
"080a72c5-e955-4f26-af68-aa02ae772411","Eduardo Manuel de Freitas Jorge","Interfaces Naturais De Usuário Para Uma Aplicação De Treinamento Industrial Utilizando A Câmera Realsense","bibliographic_production"
"00d79509-2e3a-4ef9-95f6-f9d5c79c34cf","Hugo Saba Pereira Cardoso","A Robótica Empregada Como Apoio Ao Tratamento De Crianças Com Paralisia Cerebral.","bibliographic_production"
"080a72c5-e955-4f26-af68-aa02ae772411","Eduardo Manuel de Freitas Jorge","Desenvolvimento Sustentável: Uma Proposta Para Descarbonização De Frotas De Veículos","bibliographic_production"
"00d79509-2e3a-4ef9-95f6-f9d5c79c34cf","Hugo Saba Pereira Cardoso","Aspectos Da Avaliação No Processo De Ensino E Aprendizagem De Componentes Curriculares Da Área De Engenharia De Software","bibliographic_production"
"00d79509-2e3a-4ef9-95f6-f9d5c79c34cf","Hugo Saba Pereira Cardoso","A Distributed Energy Management Proposal Based On A Peer-To-Peer Model","bibliographic_production"
"080a72c5-e955-4f26-af68-aa02ae772411","Eduardo Manuel de Freitas Jorge","Discursões Normativas  E Técnicas Para Criação  De Um Modelo De Avaliação Das  Condições De Acessibilidade Do  Mobiliário Urbano  De Salvador","bibliographic_production"
"00d79509-2e3a-4ef9-95f6-f9d5c79c34cf","Hugo Saba Pereira Cardoso","Inteligência Artificial Em Ambientes Virtuais De Ensino E Aprendizagem: Uma Proposta De Modelo","bibliographic_production"
"00d79509-2e3a-4ef9-95f6-f9d5c79c34cf","Hugo Saba Pereira Cardoso","Empreendedorismo E Inovação","bibliographic_production"
"00d79509-2e3a-4ef9-95f6-f9d5c79c34cf","Hugo Saba Pereira Cardoso","Renewable Energy Generation Technologies For Decarbonizing Urban Vertical Buildings: A Path Towards Net Zero","bibliographic_production"
"00d79509-2e3a-4ef9-95f6-f9d5c79c34cf","Hugo Saba Pereira Cardoso","Media Bios And Artificial Intelligence: The Dark Side Of Fake News","bibliographic_production"
"00d79509-2e3a-4ef9-95f6-f9d5c79c34cf","Hugo Saba Pereira Cardoso","Espiritualidade Na (trans) Formação De Professores","bibliographic_production"
"080a72c5-e955-4f26-af68-aa02ae772411","Eduardo Manuel de Freitas Jorge","Synchronized Spread Of Covid-19 In The Cities Of Bahia, Brazil","bibliographic_production"
"080a72c5-e955-4f26-af68-aa02ae772411","Eduardo Manuel de Freitas Jorge","Modelo De Ontologia Baseado Em Instâncias: Um Experimento Prático","bibliographic_production"
"080a72c5-e955-4f26-af68-aa02ae772411","Eduardo Manuel de Freitas Jorge","Gestão De Dados Científicos: Repositório Institucional Para Acesso Aberto A Trabalhos Científicos Completos Na Área De Educação","bibliographic_production"
"080a72c5-e955-4f26-af68-aa02ae772411","Eduardo Manuel de Freitas Jorge","Proposta Arquitetônica De Sala De Aula Voltada Para Aprendizagem Criativa E Inovadora.","bibliographic_production"
"00d79509-2e3a-4ef9-95f6-f9d5c79c34cf","Hugo Saba Pereira Cardoso","Estudo Da Aplicação De Algoritmos De Machine Learning Na Manutenção Preditiva De Motores Elétricos","bibliographic_production"
"00d79509-2e3a-4ef9-95f6-f9d5c79c34cf","Hugo Saba Pereira Cardoso","Semantic-Analysis Expert: Revisão Sistemática E Análise Semântica","bibliographic_production"
"00d79509-2e3a-4ef9-95f6-f9d5c79c34cf","Hugo Saba Pereira Cardoso","Game Theory To Promote The Sustainable Development Of The Pharmaceutical Industry","bibliographic_production"
"00d79509-2e3a-4ef9-95f6-f9d5c79c34cf","Hugo Saba Pereira Cardoso","A Inovação No Processo Judicial Eletrônico Para Administração Da Justiça Brasileira","bibliographic_production"
"080a72c5-e955-4f26-af68-aa02ae772411","Eduardo Manuel de Freitas Jorge","An Evaluation Model For Accessibility Conditions Of Salvador Bus Stops","bibliographic_production"
"080a72c5-e955-4f26-af68-aa02ae772411","Eduardo Manuel de Freitas Jorge","A Aprendizagem Baseada Em Problemas Como Estratégia De Ensino Dos Fundamentos Dos Sistemas De Representação Do Conhecimento: A Experiência Com Os Autômatos Celulares","bibliographic_production"
"00d79509-2e3a-4ef9-95f6-f9d5c79c34cf","Hugo Saba Pereira Cardoso","Ambiente De Apoio A Interação Na Construção De Projetos Interdisciplinar","bibliographic_production"
"00d79509-2e3a-4ef9-95f6-f9d5c79c34cf","Hugo Saba Pereira Cardoso","The Use Of Computational Tools By The Judiciary In Brazil: A Critical Review Of Delays And Incarceration.","bibliographic_production"
"00d79509-2e3a-4ef9-95f6-f9d5c79c34cf","Hugo Saba Pereira Cardoso","Discussing The Digital Manufacture Process Of Prostheses For Upper Limbs","bibliographic_production"
"080a72c5-e955-4f26-af68-aa02ae772411","Eduardo Manuel de Freitas Jorge","A Relação Semântica Que Permeia Estudos Sobre A Universidade E O Empreendedorismo Para A Inovação","bibliographic_production"
"00d79509-2e3a-4ef9-95f6-f9d5c79c34cf","Hugo Saba Pereira Cardoso","Complex Network Analysis Of Arboviruses In The Same Geographic Domain: Differences And Similarities","bibliographic_production"
"00d79509-2e3a-4ef9-95f6-f9d5c79c34cf","Hugo Saba Pereira Cardoso","Redes Bayesianas: Aadsp - Gerência De Teste","bibliographic_production"
"080a72c5-e955-4f26-af68-aa02ae772411","Eduardo Manuel de Freitas Jorge","Mecanismo De Busca Semântica Baseado Em Word Embeddings Em Dados Do Currículo Lattes, Programas De Pós-Graduação E Grupos De Pesquisa","bibliographic_production"
"080a72c5-e955-4f26-af68-aa02ae772411","Eduardo Manuel de Freitas Jorge","Um Sistema De Apoio A Gerência De Requisitos Aderente Ao Mps.br","bibliographic_production"
"080a72c5-e955-4f26-af68-aa02ae772411","Eduardo Manuel de Freitas Jorge","Architectural Design Of Classroom To Stimulate Learning In Higher Education","bibliographic_production"
"00d79509-2e3a-4ef9-95f6-f9d5c79c34cf","Hugo Saba Pereira Cardoso","Robótica Livre Nas Escolas","bibliographic_production"
"00d79509-2e3a-4ef9-95f6-f9d5c79c34cf","Hugo Saba Pereira Cardoso","Disseminação Da Dengue No Estado Da Bahia: O Percurso Da Epidemia","bibliographic_production"
"00d79509-2e3a-4ef9-95f6-f9d5c79c34cf","Hugo Saba Pereira Cardoso","Modelagem E Análise Da Violência E Da Criminalidade Baseada No Mapeamento Do Crime Violência E Criminalidade. Revista Eletrônica Da Ssp, Salvador, 02 Ago. 2011.","bibliographic_production"
"080a72c5-e955-4f26-af68-aa02ae772411","Eduardo Manuel de Freitas Jorge","Dinâmica De Ensino Baseada Em Fabricação Digital E Pbl Para Apoiar Os Professores De Psicologia Na Apresentação Do Teste De Pirâmide Colorida Pfister / Teaching Dynamics Based On Digital Fabrication And Pbl To Support Psychology Teachers In Presenting The Pfister Color Pyramid Test","bibliographic_production"
"00d79509-2e3a-4ef9-95f6-f9d5c79c34cf","Hugo Saba Pereira Cardoso","Clube De Robótica: Autonomia E Protagonismo Juvenil Por Meio De Atividade Complementar Na Escola","bibliographic_production"
"080a72c5-e955-4f26-af68-aa02ae772411","Eduardo Manuel de Freitas Jorge","Estrutura Organizacional Alernativa Para Desenvolvimento De Software, Em Fábrica De Software","bibliographic_production"
"00d79509-2e3a-4ef9-95f6-f9d5c79c34cf","Hugo Saba Pereira Cardoso","Spatial-Temporal Correlation Of Dengue Fever And Climatic Variables In The City Of São Paulo, Brazil","bibliographic_production"
"080a72c5-e955-4f26-af68-aa02ae772411","Eduardo Manuel de Freitas Jorge","The Use Of Ict Tools To Mitigate Failures And  Inconsistencies In Public Procurement Notices","bibliographic_production"
"080a72c5-e955-4f26-af68-aa02ae772411","Eduardo Manuel de Freitas Jorge","E-Flow: A Solution Of Workflow For Integration Of The Management Of Processes With The Documentation Of Quality Using Xml","bibliographic_production"
"00d79509-2e3a-4ef9-95f6-f9d5c79c34cf","Hugo Saba Pereira Cardoso","Patrocinadores De Campanhas Políticas: Redes De Interesses","bibliographic_production"
"00d79509-2e3a-4ef9-95f6-f9d5c79c34cf","Hugo Saba Pereira Cardoso","A Critical Analysis Of The Covid-19 Hospitalization Network In Countries With Limited Resources","bibliographic_production"
"00d79509-2e3a-4ef9-95f6-f9d5c79c34cf","Hugo Saba Pereira Cardoso","A Spatio-Temporal Analysis Of Dengue Spread In A Brazilian Dry Climate Region","bibliographic_production"
"080a72c5-e955-4f26-af68-aa02ae772411","Eduardo Manuel de Freitas Jorge","Athos-Rfid: Um Framework Para Aplicações Rfid","bibliographic_production"
"080a72c5-e955-4f26-af68-aa02ae772411","Eduardo Manuel de Freitas Jorge","Estudode Viabilidade Para Aplicação De Estratégias Que Otimizam O Uso Da Água Em Edifício Residencial Localizado Em Salvador/ba.","bibliographic_production"
"00d79509-2e3a-4ef9-95f6-f9d5c79c34cf","Hugo Saba Pereira Cardoso","Técnicas E Ferramentas Voltadas Para Projetos De Software Super Ágeis","bibliographic_production"
"00d79509-2e3a-4ef9-95f6-f9d5c79c34cf","Hugo Saba Pereira Cardoso","Uma Visão Histórica Epistemológica Do Conceito Ontologia: Desvelando A Ontologia Na Filosofia E Na Ciência Da Computação","bibliographic_production"
"00d79509-2e3a-4ef9-95f6-f9d5c79c34cf","Hugo Saba Pereira Cardoso","Smart Technologies Applied In Microgrids Of Renewable Energy Sources: A Systematic Review","bibliographic_production"
"080a72c5-e955-4f26-af68-aa02ae772411","Eduardo Manuel de Freitas Jorge","Análise Da Relação Da Cultura Maker, Fablabs E Robótica Educacional Na Educação","bibliographic_production"
"00d79509-2e3a-4ef9-95f6-f9d5c79c34cf","Hugo Saba Pereira Cardoso","Modelagem Multicritério No Processo Decisório De Linha De Crédito No Banco Do Brasil","bibliographic_production"
"00d79509-2e3a-4ef9-95f6-f9d5c79c34cf","Hugo Saba Pereira Cardoso","Uma Revisão Sistemática Dos Indicadores Da Saúde E Bem-Estar No Brasil: Cenário Atual E Perspectivas Futuras Da Agenda 2030","bibliographic_production"
"080a72c5-e955-4f26-af68-aa02ae772411","Eduardo Manuel de Freitas Jorge","Técnicas E Ferramentas Voltadas Para Projetos De Software Super Ágeis","bibliographic_production"
"080a72c5-e955-4f26-af68-aa02ae772411","Eduardo Manuel de Freitas Jorge","Estrutura Organizacional Alternativa Para Desenvolvimento De Software, Em Fábrica De Software.","bibliographic_production"
"080a72c5-e955-4f26-af68-aa02ae772411","Eduardo Manuel de Freitas Jorge","Maker Culture: Dissemination Of Knowledge And Development Of Skills And Competencies For The 21st Century","bibliographic_production"
"00d79509-2e3a-4ef9-95f6-f9d5c79c34cf","Hugo Saba Pereira Cardoso","Robôs Cirúrgicos: Prospecção De Patentes Relacionadas A Aplicações Humanas","bibliographic_production"
"080a72c5-e955-4f26-af68-aa02ae772411","Eduardo Manuel de Freitas Jorge","Análise De Aplicativos Para Apoio Ao Turismo Acessível No Contexto Da Deficiência Visual E Da Pessoa Idosa","bibliographic_production"
"080a72c5-e955-4f26-af68-aa02ae772411","Eduardo Manuel de Freitas Jorge","Odrm (ontology Diamond Research Model): Um Conjunto Formal De Métodos, Processos E Ferramentais Para Estruturar Bases De Conhecimento Pautadas Em Ontologia","bibliographic_production"
"080a72c5-e955-4f26-af68-aa02ae772411","Eduardo Manuel de Freitas Jorge","Odrm-Wrapper: Um Famework De Extração De Dados Em Fontes De Dados Heterogêneos Não Estruturados","bibliographic_production"
"00d79509-2e3a-4ef9-95f6-f9d5c79c34cf","Hugo Saba Pereira Cardoso","Ferramenta De Business Intelligence Para O Apoio À Gestão Pública No Estado Da Bahia Em Momento De Pandemia Da Covid-19","bibliographic_production"
"080a72c5-e955-4f26-af68-aa02ae772411","Eduardo Manuel de Freitas Jorge","Inteligência Artificial Em Ambientes Virtuais De Ensino E Aprendizagem: Aspectos Didáticos, Tecnológicos E Possibilidades De Aplicação","bibliographic_production"
"080a72c5-e955-4f26-af68-aa02ae772411","Eduardo Manuel de Freitas Jorge","Ontology Tagging ? Um Componente Para Integração De Folksonomia Com Ontologia","bibliographic_production"
"080a72c5-e955-4f26-af68-aa02ae772411","Eduardo Manuel de Freitas Jorge","A Inovação No Processo Judicial Eletrônico Da   Bahia Para Administração Da Justiça Brasileira","bibliographic_production"
"080a72c5-e955-4f26-af68-aa02ae772411","Eduardo Manuel de Freitas Jorge","Impressão 3d: Aplicações E Espaços De Inovação Da Uneb","bibliographic_production"
"00d79509-2e3a-4ef9-95f6-f9d5c79c34cf","Hugo Saba Pereira Cardoso","Juventude, Política E Fake News: Metaestudo Das Produções Acadêmicas Em Periódicos Científicos Entre Os Anos 2009 E 2019","bibliographic_production"
"080a72c5-e955-4f26-af68-aa02ae772411","Eduardo Manuel de Freitas Jorge","Fab Lab Uneb De Inovação: Laboratório Aberto Para Estimular O Desenvolvimento De Projetos Criativos","bibliographic_production"
"00d79509-2e3a-4ef9-95f6-f9d5c79c34cf","Hugo Saba Pereira Cardoso","Business Incubators And Sustainability: A Literature Review","bibliographic_production"
"080a72c5-e955-4f26-af68-aa02ae772411","Eduardo Manuel de Freitas Jorge","Método De Modelagem De Ontologia Baseado Em Instâncias: Uma Aplicação Prática Através Da Análise Comparativa Do Editor M-Mobi Com Editor Protégé","bibliographic_production"
"080a72c5-e955-4f26-af68-aa02ae772411","Eduardo Manuel de Freitas Jorge","Semantic-Analysis Expert: Revisão Sistemática E Análise Semântica","bibliographic_production"
"080a72c5-e955-4f26-af68-aa02ae772411","Eduardo Manuel de Freitas Jorge","Catálogo De Ações Da Agência Uneb De Inovação Durante O Ano De 2018 Com Base Na Estratégia Nacional De Ct&i Do Brasil 2016-2022","bibliographic_production"
"00d79509-2e3a-4ef9-95f6-f9d5c79c34cf","Hugo Saba Pereira Cardoso","Metarede: Inclusão Digital Através Do Reaproveitamento Do Lixo Eletrônico","bibliographic_production"
"00d79509-2e3a-4ef9-95f6-f9d5c79c34cf","Hugo Saba Pereira Cardoso","Retrospective Cohort Study Of Covid-19 In Patients Of The Brazilian Public Health System With Sars-Cov-2 Omicron Variant Infection","bibliographic_production"
"00d79509-2e3a-4ef9-95f6-f9d5c79c34cf","Hugo Saba Pereira Cardoso","Percepções Juvenis Sobre As Fake News Em Seus Processos De Formação E Participação Políticas","bibliographic_production"
"00d79509-2e3a-4ef9-95f6-f9d5c79c34cf","Hugo Saba Pereira Cardoso","E-Flow: A Solution Of Workflow For Integration Of The Management Of Processes With The Documentation Of Quality Using Xml","bibliographic_production"
"00d79509-2e3a-4ef9-95f6-f9d5c79c34cf","Hugo Saba Pereira Cardoso","Estrutura Organizacional Alternativa Para Desenvolvimento De Software, Em Fábrica De Software","bibliographic_production"
"00d79509-2e3a-4ef9-95f6-f9d5c79c34cf","Hugo Saba Pereira Cardoso","Governance In Public Stock Management In Synergy With Accounting Information: Towards A Sustainable Practice","bibliographic_production"
"00d79509-2e3a-4ef9-95f6-f9d5c79c34cf","Hugo Saba Pereira Cardoso","Produção De Patentes Na Região Nordeste: Um Estudo Comparativo Entre Instituições De Ensino Superior Públicas No Período De 2002 A 2012","bibliographic_production"
"080a72c5-e955-4f26-af68-aa02ae772411","Eduardo Manuel de Freitas Jorge","Comunicando-Se Com O Computador:  Análise, Modelagem E Desenvolvimento De Sistema Orientado A Objetos","bibliographic_production"
"00d79509-2e3a-4ef9-95f6-f9d5c79c34cf","Hugo Saba Pereira Cardoso","Maker Culture: Dissemination Of Knowledge And Development Of Skills And Competencies For The 21st Century","bibliographic_production"
"080a72c5-e955-4f26-af68-aa02ae772411","Eduardo Manuel de Freitas Jorge","Solução Para Mapeamento E Consulta Das Competências Dos  Pesquisadores: Uma Arquitetura Para Extração, Integração E  Consultas De Informações Acadêmicas","bibliographic_production"
"080a72c5-e955-4f26-af68-aa02ae772411","Eduardo Manuel de Freitas Jorge","Um Modelo Computacional Para O Método De Modelagem De Ontologias Baseado Em Instâncias","bibliographic_production"
"00d79509-2e3a-4ef9-95f6-f9d5c79c34cf","Hugo Saba Pereira Cardoso","Interface No Ambiente Vias K","bibliographic_production"
"00d79509-2e3a-4ef9-95f6-f9d5c79c34cf","Hugo Saba Pereira Cardoso","Desafios Da Gestão Conhecimento Aplicado À Metodologia Multicritério De Apoio A Decisão","bibliographic_production"
"00d79509-2e3a-4ef9-95f6-f9d5c79c34cf","Hugo Saba Pereira Cardoso","Estudo Para Aplicação De Inteligência Artificial Para Análise E Construção De Editais De Contratação Pública","bibliographic_production"
"00d79509-2e3a-4ef9-95f6-f9d5c79c34cf","Hugo Saba Pereira Cardoso","Paradox Between Adequate Sanitation And Rainfall In Dengue Fever Cases","bibliographic_production"
"00d79509-2e3a-4ef9-95f6-f9d5c79c34cf","Hugo Saba Pereira Cardoso","Modelo De Ontologia Baseado Em Instâncias: Um Experimento Prático","bibliographic_production"
"00d79509-2e3a-4ef9-95f6-f9d5c79c34cf","Hugo Saba Pereira Cardoso","Programa De Ações Para Núcleo De Inovação Tecnológica: Um Estudo De Caso Da Agência De Inovação Uneb","bibliographic_production"
"080a72c5-e955-4f26-af68-aa02ae772411","Eduardo Manuel de Freitas Jorge","Gestão De Dados Científicos: Repositório Institucional Para Acesso Aberto A Trabalhos Científicos Completos Na Área De Educação","bibliographic_production"
"00d79509-2e3a-4ef9-95f6-f9d5c79c34cf","Hugo Saba Pereira Cardoso","A Revolução Da Robótica Utilizando Lixo Eletrônico No Ensino Básico: Formação Ampliada E Menor Vulnerabilidade De Jovens À Violência Nas Escolas Públicas","bibliographic_production"
"00d79509-2e3a-4ef9-95f6-f9d5c79c34cf","Hugo Saba Pereira Cardoso","Synchronized Spread Of Covid-19 In The Cities Of Bahia, Brazil","bibliographic_production"
"00d79509-2e3a-4ef9-95f6-f9d5c79c34cf","Hugo Saba Pereira Cardoso","Transparência, Comunicação, Informação E Movimentos Sociais: Formação Política E Participação Sociopolítica Dos Portais Institucionais","bibliographic_production"
"080a72c5-e955-4f26-af68-aa02ae772411","Eduardo Manuel de Freitas Jorge","A Importância Do Acesso Aos Dados Completos Da Pesquisa Científica: Uma Análise De Como Os Repositórios Institucionais Estão Sendo Utilizados Pelos Seus Pesquisadores Brasileiros","bibliographic_production"
"080a72c5-e955-4f26-af68-aa02ae772411","Eduardo Manuel de Freitas Jorge","A Method For Ontology Modeling Based On Instances Conceptual Classification And Formalization","bibliographic_production"
"080a72c5-e955-4f26-af68-aa02ae772411","Eduardo Manuel de Freitas Jorge","Processo De Reestruturação Da Plataforma  Nilo Peçanha: Uma Solução Analítica Para  Integração De Dados Orçamentários, Pessoal E  Acadêmicos","bibliographic_production"
"00d79509-2e3a-4ef9-95f6-f9d5c79c34cf","Hugo Saba Pereira Cardoso","Comunicando-Se Com O Computador: Utilizando A Linguagem Java","bibliographic_production"
"00d79509-2e3a-4ef9-95f6-f9d5c79c34cf","Hugo Saba Pereira Cardoso","Induction Of A Consumption Pattern For Ethanol And Gasoline In Brazil","bibliographic_production"
"080a72c5-e955-4f26-af68-aa02ae772411","Eduardo Manuel de Freitas Jorge","Systemic Arterial Hypertension: Treatment With Integrative And Complementary Health Practices","bibliographic_production"
"080a72c5-e955-4f26-af68-aa02ae772411","Eduardo Manuel de Freitas Jorge","Empreendedorismo E Inovação","bibliographic_production"
"00d79509-2e3a-4ef9-95f6-f9d5c79c34cf","Hugo Saba Pereira Cardoso","Low Carbon Economy And The Sugar And Alcohol Industry: An Approach To Esg Management","bibliographic_production"
"00d79509-2e3a-4ef9-95f6-f9d5c79c34cf","Hugo Saba Pereira Cardoso","Industry 4.0 Technologies Applicable To Rail Freight Transport: Brazil Scenario","bibliographic_production"
"080a72c5-e955-4f26-af68-aa02ae772411","Eduardo Manuel de Freitas Jorge","Programação Ii","bibliographic_production"
"00d79509-2e3a-4ef9-95f6-f9d5c79c34cf","Hugo Saba Pereira Cardoso","Interfaces Entre Games, Pesquisa & Mercado","bibliographic_production"
"00d79509-2e3a-4ef9-95f6-f9d5c79c34cf","Hugo Saba Pereira Cardoso","Persistências E Rupturas No Estudo Do Coronavírus Após A Epidemia Da Covid-19","bibliographic_production"
"00d79509-2e3a-4ef9-95f6-f9d5c79c34cf","Hugo Saba Pereira Cardoso","Webtest - Uma Ferramenta Distribuída Para Teste De Estresse Em Servidores Web","bibliographic_production"
"00d79509-2e3a-4ef9-95f6-f9d5c79c34cf","Hugo Saba Pereira Cardoso","Epidemiological Outbreaks Of Dengue, Chikungunya And Zika From 2015 To 2019: Rio De Janeiro Case","bibliographic_production"
"00d79509-2e3a-4ef9-95f6-f9d5c79c34cf","Hugo Saba Pereira Cardoso","Fab Lab Uneb De Inovação: Laboratório Aberto Para Estimular O Desenvolvimento De Projetos Criativos","bibliographic_production"
"00d79509-2e3a-4ef9-95f6-f9d5c79c34cf","Hugo Saba Pereira Cardoso","A Teoria Fundamentada Em Dados Aplicada Ao Campo Da Educação Superior","bibliographic_production"
"080a72c5-e955-4f26-af68-aa02ae772411","Eduardo Manuel de Freitas Jorge","Pesquisa Aplicada & Inovação","bibliographic_production"
"00d79509-2e3a-4ef9-95f6-f9d5c79c34cf","Hugo Saba Pereira Cardoso","Inovação Tecnológica No Controle Da Disseminação Da Dengue Utilizando Modelos Computacionais: Uma Análise Bibliográfica Entre Técnicas Utilizadas No Período De 2010 A 2016","bibliographic_production"
"00d79509-2e3a-4ef9-95f6-f9d5c79c34cf","Hugo Saba Pereira Cardoso","Redes Complexas De Homônimos Para Análise Semântica Textual","bibliographic_production"
"00d79509-2e3a-4ef9-95f6-f9d5c79c34cf","Hugo Saba Pereira Cardoso","Implicações Da Desinformação E Da Infodemia No Contexto Da Pandemia Da Covid-19","bibliographic_production"
"00d79509-2e3a-4ef9-95f6-f9d5c79c34cf","Hugo Saba Pereira Cardoso","Making Logistics Decisions Using Information From Flp P-Median And Qgis","bibliographic_production"
"00d79509-2e3a-4ef9-95f6-f9d5c79c34cf","Hugo Saba Pereira Cardoso","Ecom - Computational Model For The Automatic Selection Of Candidate Terms From Text Mining To Assist Ontology Building","bibliographic_production"
"00d79509-2e3a-4ef9-95f6-f9d5c79c34cf","Hugo Saba Pereira Cardoso","Comunicando-Se Com O Computador: Lógica De Programação Utilizando A Linguagem C","bibliographic_production"
"080a72c5-e955-4f26-af68-aa02ae772411","Eduardo Manuel de Freitas Jorge","Programação I","bibliographic_production"
"00d79509-2e3a-4ef9-95f6-f9d5c79c34cf","Hugo Saba Pereira Cardoso","Self-Affinity In The Dengue Fever Time Series","bibliographic_production"
"00d79509-2e3a-4ef9-95f6-f9d5c79c34cf","Hugo Saba Pereira Cardoso","Pesquisa Aplicada E Inovação - Volume 3","bibliographic_production"
"00d79509-2e3a-4ef9-95f6-f9d5c79c34cf","Hugo Saba Pereira Cardoso","The Complex Networks Of An Entrepreneurship And Innovation Ecosystem: Proposal For A Representation Model","bibliographic_production"
"00d79509-2e3a-4ef9-95f6-f9d5c79c34cf","Hugo Saba Pereira Cardoso","Análise Da Relação Da Cultura Maker, Fablabs E Robótica Educacional Na Educação","bibliographic_production"
"080a72c5-e955-4f26-af68-aa02ae772411","Eduardo Manuel de Freitas Jorge","A Critical Analysis Of The Covid-19 Hospitalization Network In Countries With Limited Resources","bibliographic_production"
"080a72c5-e955-4f26-af68-aa02ae772411","Eduardo Manuel de Freitas Jorge","Spatial-Temporal Correlation Of Dengue Fever And Climatic Variables In The City Of São Paulo, Brazil","bibliographic_production"
"080a72c5-e955-4f26-af68-aa02ae772411","Eduardo Manuel de Freitas Jorge","Processo Para Transformar Exames De Ressonâncias Magnéticas E Tomografias Computadorizadas Em Modelos 3d; Uso Da Impressora 3d Para Ensino Na Área Da Saúde.","bibliographic_production"
"00d79509-2e3a-4ef9-95f6-f9d5c79c34cf","Hugo Saba Pereira Cardoso","Um Olhar Teórico-Prático Da Difusão Da Inovação E Propriedade Intelectual","bibliographic_production"
"080a72c5-e955-4f26-af68-aa02ae772411","Eduardo Manuel de Freitas Jorge","A Framework For Context-Aware Systems In Mobile Devices","bibliographic_production"
"00d79509-2e3a-4ef9-95f6-f9d5c79c34cf","Hugo Saba Pereira Cardoso","Inteligência Artificial Em Ambientes Virtuais De Ensino E Aprendizagem: Aspectos Didáticos, Tecnológicos E Possibilidades De Aplicação","bibliographic_production"
"00d79509-2e3a-4ef9-95f6-f9d5c79c34cf","Hugo Saba Pereira Cardoso","Unveiling Connections: Mobility And Dengue Case Networks On An Intraurban Scale","bibliographic_production"
"00d79509-2e3a-4ef9-95f6-f9d5c79c34cf","Hugo Saba Pereira Cardoso","The Importance Of The Facility Location Techniques To Assist Companies In Decision-Making For The Installation Of Logistics Hub","bibliographic_production"
"00d79509-2e3a-4ef9-95f6-f9d5c79c34cf","Hugo Saba Pereira Cardoso","Self-Organized Critical Phenomenon As A","bibliographic_production"
"00d79509-2e3a-4ef9-95f6-f9d5c79c34cf","Hugo Saba Pereira Cardoso","Agentes Inteligentes Para Ambientes Virtuais De Ensino E Aprendizagem: Uma Revisão Sistemática","bibliographic_production"
"00d79509-2e3a-4ef9-95f6-f9d5c79c34cf","Hugo Saba Pereira Cardoso","A Method For Ontology Modeling Based On Instances Conceptual Classification And Formalization","bibliographic_production"
"080a72c5-e955-4f26-af68-aa02ae772411","Eduardo Manuel de Freitas Jorge","Mapeamento Científico E Tecnológico Sobre Impressão 3d","bibliographic_production"
"00d79509-2e3a-4ef9-95f6-f9d5c79c34cf","Hugo Saba Pereira Cardoso","Pesquisa Aplicada & Inovação","bibliographic_production"
"00d79509-2e3a-4ef9-95f6-f9d5c79c34cf","Hugo Saba Pereira Cardoso","Consumer-Driven Selection Of Low-Emission Vehicles For Sustainable Urban Centers: An Ahp-Based Approach","bibliographic_production"
"00d79509-2e3a-4ef9-95f6-f9d5c79c34cf","Hugo Saba Pereira Cardoso","O Apoio Da Fapesb À Pesquisa E Extensão Em Turismo De Base Comunitária Do Cabula","bibliographic_production"
"080a72c5-e955-4f26-af68-aa02ae772411","Eduardo Manuel de Freitas Jorge","Método Nihei: Conjunto De Atividade Para Utilização E Avaliação De Uma Ferramenta De Web Quest Com Web Semântica Em Sala De Aula","bibliographic_production"
"080a72c5-e955-4f26-af68-aa02ae772411","Eduardo Manuel de Freitas Jorge","Estrutura Organizacional Alternativa Para Desenvolvimento De Software, Em Fábrica De Software","bibliographic_production"
"080a72c5-e955-4f26-af68-aa02ae772411","Eduardo Manuel de Freitas Jorge","Webquest Manássio: Uma Técnica De Ensino Baseada Na Integração De Webquest E Web Semântica","bibliographic_production"
"080a72c5-e955-4f26-af68-aa02ae772411","Eduardo Manuel de Freitas Jorge","Esquema Xqom De Consultas A Documentos Xml: Análise Teórica","bibliographic_production"
"080a72c5-e955-4f26-af68-aa02ae772411","Eduardo Manuel de Freitas Jorge","Uma Ferramenta Para Teste De Estresse Em Servidores Web,","bibliographic_production"
